name,mean_high_megafauna,mean_low_megafauna,sd_high_megafauna,sd_low_megafauna
bare_cover,12.0216049382222,10.8456790131111,10.3667114908021,6.65557687539784
litter_volume,342.293562611111,396.350517188889,66.7757055874482,63.873308489332
plant_cover,90.9229276866667,92.9864030644445,7.21674446871915,4.26016660006771
richness,24.0925925922222,20.2592592588889,7.5143894885183,4.71928012945759
